Address,Content Type,Status Code,Status,Indexability,Indexability Status,Title 1,Title 1 Length,Title 1 Pixel Width,Meta Description 1,Meta Description 1 Length,Meta Description 1 Pixel Width,Meta Keywords 1,Meta Keywords 1 Length,H1-1,H1-1 Length,H1-2,H1-2 Length,H2-1,H2-1 Length,H2-2,H2-2 Length,Meta Robots 1,X-Robots-Tag 1,Meta Refresh 1,Canonical Link Element 1,"rel=""next"" 1","rel=""prev"" 1","HTTP rel=""next"" 1","HTTP rel=""prev"" 1",amphtml Link Element,Size (bytes),Word Count,Text Ratio,Crawl Depth,Link Score,Inlinks,Unique Inlinks,Unique JS Inlinks,% of Total,Outlinks,Unique Outlinks,Unique JS Outlinks,External Outlinks,Unique External Outlinks,Unique External JS Outlinks,Closest Similarity Match,No. Near Duplicates,Spelling Errors,Grammar Errors,Hash,Response Time,Last Modified,Redirect URL,Redirect Type,Cookies,HTTP Version,GA Sessions,GA % New Sessions,GA Users,GA New Users,GA Bounce Rate,GA Page Views Per Session,GA Avg Session Duration,GA Goal Conversion Rate All,GA Goal Completions All,GA Goal Value All,GA Page Value,Clicks,Impressions,CTR,Position,Majestic External Backlinks - URL (Exact URL),Majestic Referring Domains - URL (Exact URL),Majestic Trust Flow - URL (Exact URL),Majestic Citation Flow - URL (Exact URL),Ahrefs Backlinks - Exact,Ahrefs RefDomains - Exact,Ahrefs URL Rating - Exact,Ahrefs NoFollow - Exact,Ahrefs DoFollow - Exact,Ahrefs Redirect - Exact,URL Encoded Address,Crawl Timestamp
https://www.domain.com/,text/html; charset=UTF-8,200,OK,Non-Indexable,Canonicalised,,20,209,,97,623,,78,,20,,0,,10,,42,,,,,,,,,,178407,261,2.645,1,,270,136,0,100,40,29,0,15,10,0,,,,,,0.345,,,,,1.1,3511,86.59,3284,3040,45.8,3.19,00:01:57,117.35,4120,428,0.28,0,16,0,7.88,58,28,22,40,1864,448,47,1416,437,2,,2021-11-12 12:33:12
https://www.domain.com/analysis/,text/html; charset=UTF-8,200,OK,Indexable,,,25,232,,78,487,,0,,13,,0,,6,,10,,,,,,,,,,147793,127,2.416,2,96,142,136,0,100,31,25,0,15,10,0,,,,,,0.592,,,,,1.1,60,33.33,51,20,23.33,2.38,00:03:27,120,72,5,0.14,18,2420,0.007,31.59,1,1,14,28,10,6,15,9,0,0,,2021-11-12 12:33:14
https://www.domain.com/blog/,text/html; charset=UTF-8,200,OK,Indexable,,,24,230,,29,188,,0,,12,,0,,6,,10,,,,,,,,,,278622,825,2.946,2,99,142,136,0,100,89,82,0,15,10,0,,,,,,0.447,,,,,1.1,68,26.47,63,18,32.35,3.44,00:02:26,145.59,99,30,0.65,17,2286,0.007,4.49,2,1,15,33,23,5,15,21,1,0,,2021-11-12 12:33:16
https://www.domain.com/blog/1,text/html; charset=UTF-8,200,OK,Indexable,,,29,273,,138,862,,94,,17,,0,,6,,10,,,,,,,,,,159159,972,5.446,3,2,9,5,0,3.68,44,34,0,19,14,0,,,,,,0.5,,,,,1.1,3,66.67,3,2,0,2,00:03:48,166.67,5,3,1,4,175,0.023,40.5,1,1,8,18,2,2,11,2,0,0,,2021-11-12 12:33:39
https://www.domain.com/blog/2,text/html; charset=UTF-8,200,OK,Indexable,,,52,467,,157,947,,30,,40,,0,,6,,10,,,,,,,,,,171245,1195,5.815,3,6,23,12,0,8.82,55,34,0,20,15,0,,,,,,0.123,,,,,1.1,22,27.27,21,6,0,1.18,00:00:36,122.73,27,22,1.63,4,952,0.004,58,0,0,10,21,2,2,11,1,0,0,,2021-11-12 12:33:39
https://www.domain.com/blog/3,text/html; charset=UTF-8,200,OK,Indexable,,,72,697,,68,469,,0,,60,,0,,6,,10,,,,,,,,,,164290,735,4.477,3,5,16,11,0,8.09,44,34,0,19,14,0,,,,,,0.59,,,,,1.1,30,6.67,27,2,0,1.63,00:00:33,146.67,44,31,1.63,0,255,0,39.73,0,0,9,20,3,2,12,1,0,0,,2021-11-12 12:33:21
https://www.domain.com/blog/4,text/html; charset=UTF-8,200,OK,Indexable,,,48,443,,140,857,,84,,36,,0,,6,,10,,,,,,,,,,160563,912,5.055,3,2,12,5,0,3.68,47,34,0,19,14,0,,,,,,0.165,,,,,1.1,494,93.12,463,460,0.61,1.12,00:00:21,112.75,557,496,1.56,544,65446,0.008,18.37,20,17,8,23,19,14,17,15,4,0,,2021-11-12 12:33:29
https://www.domain.com/blog/5,text/html; charset=UTF-8,200,OK,Indexable,,,55,469,,155,966,,50,,43,,0,,6,,10,,,,,,,,,,148447,591,4.4,3,2,13,5,0,3.68,42,31,0,19,14,0,,,,,,0.493,,,,,1.1,1,100,1,1,0,1,00:00:00,100,1,1,2,1,1343,0.001,80.2,0,0,8,18,1,1,10,1,0,0,,2021-11-12 12:33:31
https://www.domain.com/blog/6,text/html; charset=UTF-8,200,OK,Indexable,,,51,497,,151,905,,47,,39,,0,,6,,10,,,,,,,,,,173978,946,4.859,3,2,18,5,0,3.68,60,37,0,19,14,0,,,,,,0.371,,,,,1.1,3,100,3,3,0,1.67,00:00:36,200,6,3,1.25,6,3930,0.002,48.27,10,9,8,22,14,12,16,10,4,0,,2021-11-12 12:33:33
https://www.domain.com/blog/7,text/html; charset=UTF-8,200,OK,Indexable,,,57,503,,156,944,,36,,45,,0,,6,,10,,,,,,,,,,155649,640,4.217,3,2,9,5,0,3.68,40,32,0,19,14,0,,,,,,0.259,,,,,1.1,3,100,3,3,0,2.67,00:00:18,200,6,3,0.43,1,507,0.002,55.67,0,0,8,18,1,1,10,1,0,0,,2021-11-12 12:33:36
https://www.domain.com/blog/8,text/html; charset=UTF-8,200,OK,Indexable,,,54,497,,136,825,,24,,42,,0,,6,,10,,,,,,,,,,168393,1045,5.681,3,5,22,11,0,8.09,52,35,0,20,15,0,,,,,,0.478,,,,,1.1,8,100,8,8,0,1,00:00:00,100,8,8,1.75,10,1037,0.01,30.54,5,5,10,17,11,11,17,10,0,0,,2021-11-12 12:33:35
https://www.domain.com/blog/9,text/html; charset=UTF-8,200,OK,Indexable,,,50,465,,144,882,,232,,38,,0,,6,,10,,,,,,,,,,153952,885,5.114,3,2,14,5,0,3.68,48,33,0,19,14,0,,,,,,0.366,,,,,1.1,95,80,82,76,0,2,00:01:00,170.53,162,100,1.2,91,24772,0.004,62.39,9,9,7,14,6,6,13,3,3,0,,2021-11-12 12:33:41
https://www.domain.com/blog/10,text/html; charset=UTF-8,200,OK,Indexable,,,57,550,,159,950,,114,,45,,22,,6,,10,,,,,,,,,,159822,863,4.951,3,4,19,9,0,6.62,51,35,0,19,14,0,,,,,,0.273,,,,,1.1,113,92.04,108,104,0.88,1.11,00:00:07,112.39,127,113,1.51,147,33493,0.004,35.3,5,3,8,15,7,7,15,5,1,0,,2021-11-12 12:33:40
https://www.domain.com/blog/11,text/html; charset=UTF-8,200,OK,Indexable,,,46,444,,150,965,,87,,34,,0,,6,,10,,,,,,,,,,152418,605,4.067,3,2,12,5,0,3.68,41,31,0,19,14,0,,,,,,0.573,,,,,1.1,,,,,,,,,,,,12,3643,0.003,65.69,0,0,8,18,0,0,9,0,0,0,,2021-11-12 12:33:41
https://www.domain.com/blog/12,text/html; charset=UTF-8,200,OK,Indexable,,,51,484,,155,940,,55,,39,,0,,6,,10,,,,,,,,,,151302,303,3.234,3,2,9,5,0,3.68,44,34,0,19,14,0,,,,,,0.421,,,,,1.1,13,100,13,13,0,2.23,00:00:40,153.85,20,13,0.91,14,413,0.034,29.86,6,6,8,21,4,4,13,4,0,0,,2021-11-12 12:33:35
https://www.domain.com/blog/13,text/html; charset=UTF-8,200,OK,Indexable,,,49,437,,157,949,,77,,37,,0,,6,,10,,,,,,,,,,152913,739,4.659,3,2,9,5,0,3.68,40,32,0,19,14,0,,,,,,0.401,,,,,1.1,3,100,3,3,0,1,00:00:00,100,3,3,1.33,4,3003,0.001,63.06,2,1,8,18,6,6,14,6,0,0,,2021-11-12 12:33:33
https://www.domain.com/blog/14,text/html; charset=UTF-8,200,OK,Indexable,,,50,483,,156,965,,53,,38,,0,,6,,10,,,,,,,,,,165213,1561,7.345,3,2,14,5,0,3.68,47,33,0,19,14,0,,,,,,0.582,,,,,1.1,6,83.33,6,5,0,2.17,00:00:24,183.33,11,6,0.82,1,1793,0.001,69.49,8,3,8,19,6,5,13,6,0,0,,2021-11-12 12:33:33
https://www.domain.com/blog/15,text/html; charset=UTF-8,200,OK,Indexable,,,66,609,,63,396,,0,,54,,0,,6,,10,,,,,,,,,,163165,321,3.051,3,2,9,5,0,3.68,36,30,0,19,14,0,,,,,,0.442,,,,,1.1,2,50,2,1,0,1,00:00:00,100,2,2,1,1,43,0.023,42.33,0,0,7,15,0,0,9,0,0,0,,2021-11-12 12:33:40
https://www.domain.com/blog/16,text/html; charset=UTF-8,200,OK,Indexable,,,46,421,,156,945,,106,,34,,0,,6,,10,,,,,,,,,,153457,665,4.483,3,2,9,5,0,3.68,42,33,0,19,14,0,,,,,,0.482,,,,,1.1,27,96.3,27,26,0,1.41,00:01:12,137.04,37,27,1.24,43,11403,0.004,56.72,8,5,7,14,7,6,15,4,2,0,,2021-11-12 12:33:26
https://www.domain.com/blog/17,text/html; charset=UTF-8,200,OK,Indexable,,,53,505,,148,910,,179,,41,,0,,6,,10,,,,,,,,,,153629,870,5.035,3,2,13,5,0,3.68,47,33,0,19,14,0,,,,,,0.497,,,,,1.1,15,93.33,14,14,0,1.33,00:00:03,113.33,17,15,1.11,6,2483,0.002,33.57,4,4,8,17,1,1,10,1,0,0,,2021-11-12 12:33:25
https://www.domain.com/blog/18,text/html; charset=UTF-8,200,OK,Indexable,,,57,554,,140,850,,335,,45,,0,,6,,10,,,,,,,,,,151061,816,4.984,3,2,12,5,0,3.68,45,33,0,19,14,0,,,,,,0.449,,,,,1.1,463,88.34,413,409,0.43,1.16,00:00:39,113.82,527,463,1.47,485,47967,0.01,25.82,16,15,8,23,16,16,18,12,4,0,,2021-11-12 12:33:38
https://www.domain.com/blog/19,text/html; charset=UTF-8,200,OK,Indexable,,,57,536,,153,931,,103,,45,,0,,6,,10,,,,,,,,,,155979,938,5.21,3,5,21,11,0,8.09,48,33,0,19,14,0,,,,,,0.284,,,,,1.1,1566,89.08,1420,1395,0.32,1.23,00:00:41,122.16,1913,1594,1.55,2018,72853,0.028,18.73,2,2,9,19,8,8,15,8,0,0,,2021-11-12 12:33:30
https://www.domain.com/blog/20,text/html; charset=UTF-8,200,OK,Indexable,,,59,555,,159,1015,,39,,47,,0,,6,,10,,,,,,,,,,154416,551,3.867,3,2,9,5,0,3.68,46,34,0,19,14,0,,,,,,0.568,,,,,1.1,6,83.33,5,5,0,1.17,00:00:00,100,6,6,1.33,3,2317,0.001,49.73,9,9,8,22,7,5,13,4,3,0,,2021-11-12 12:33:23
https://www.domain.com/blog/21,text/html; charset=UTF-8,200,OK,Indexable,,,39,348,,155,928,,81,,27,,0,,6,,10,,,,,,,,,,155893,734,4.506,3,2,9,5,0,3.68,44,34,0,19,14,0,,,,,,0.481,,,,,1.1,7,100,7,7,0,11.29,00:06:40,185.71,13,8,0.69,6,612,0.01,45.6,11,11,8,23,6,6,13,2,4,0,,2021-11-12 12:33:30
https://www.domain.com/blog/22,text/html; charset=UTF-8,200,OK,Indexable,,,56,549,,141,908,,11,,44,,0,,6,,10,,,,,,,,,,156412,632,4.145,3,2,9,5,0,3.68,42,33,0,19,14,0,,,,,,0.385,,,,,1.1,1,100,1,1,0,1,00:00:00,100,1,1,2,0,1298,0,59.25,12,12,8,22,6,6,13,2,4,0,,2021-11-12 12:33:35
https://www.domain.com/blog/23,text/html; charset=UTF-8,200,OK,Indexable,,,40,367,,155,924,,98,,28,,0,,6,,10,,,,,,,,,,153662,722,4.574,3,2,13,5,0,3.68,45,32,0,19,14,0,,,,,,0.716,,,,,1.1,15,93.33,15,14,0,3.33,00:03:16,206.67,31,15,0.63,16,19270,0.001,47.34,11,5,8,20,12,10,16,12,0,0,,2021-11-12 12:33:39
https://www.domain.com/blog/24,text/html; charset=UTF-8,200,OK,Indexable,,,63,594,,74,479,,0,,51,,0,,6,,10,,,,,,,,,,160125,787,4.763,3,2,9,5,0,3.68,40,32,0,19,14,0,,,,,,0.307,,,,,1.1,9,77.78,9,7,0,2.56,00:03:50,144.44,13,9,0.83,6,440,0.014,40.45,0,0,8,17,1,1,10,1,0,0,,2021-11-12 12:33:32
https://www.domain.com/blog/25,text/html; charset=UTF-8,200,OK,Indexable,,,46,438,,158,979,,86,,34,,0,,6,,10,,,,,,,,,,151308,332,3.245,3,2,9,5,0,3.68,44,34,0,19,14,0,,,,,,0.61,,,,,1.1,12,83.33,11,10,0,2.17,00:00:33,175,21,14,1.63,14,5966,0.002,58.84,0,0,8,18,1,1,10,1,0,0,,2021-11-12 12:33:27
https://www.domain.com/blog/26,text/html; charset=UTF-8,200,OK,Indexable,,,39,371,,143,872,,155,,27,,0,,6,,10,,,,,,,,,,152343,910,5.347,3,2,15,5,0,3.68,46,32,0,19,14,0,,,,,,0.481,,,,,1.1,26,96.15,26,25,0,1.31,00:00:12,130.77,34,28,1.71,18,19343,0.001,19.05,12,12,7,15,7,7,13,3,4,0,,2021-11-12 12:33:40
https://www.domain.com/blog/27,text/html; charset=UTF-8,200,OK,Indexable,,,59,539,,139,835,,0,,47,,0,,6,,10,,,,,,,,,,171367,1425,6.573,3,6,26,12,0,8.82,54,34,0,21,16,0,,,,,,0.344,,,,,1.1,5,60,4,3,0,1.2,00:02:03,120,6,5,1.17,4,1601,0.003,61.89,1,1,10,21,4,4,13,3,0,0,,2021-11-12 12:33:24
https://www.domain.com/blog/28,text/html; charset=UTF-8,200,OK,Indexable,,,79,747,,85,547,,0,,67,,0,,6,,10,,,,,,,,,,152535,324,3.247,3,5,16,11,0,8.09,38,31,0,20,15,0,,,,,,0.526,,,,,1.1,6,0,4,0,0,1,00:00:00,100,6,6,1.67,0,70,0,40.1,13,13,8,17,6,6,13,2,4,0,,2021-11-12 12:33:28
https://www.domain.com/blog/29,text/html; charset=UTF-8,200,OK,Indexable,,,81,750,,69,446,,0,,69,,0,,6,,10,,,,,,,,,,157083,451,3.727,3,2,9,5,0,3.68,36,30,0,20,15,0,,,,,,0.387,,,,,1.1,,,,,,,,,,,,8,1643,0.005,20.73,1,1,8,17,2,2,11,2,0,0,,2021-11-12 12:33:34
https://www.domain.com/blog/30,text/html; charset=UTF-8,200,OK,Indexable,,,79,735,,75,497,,0,,67,,0,,6,,10,,,,,,,,,,147165,549,4.165,3,2,9,5,0,3.68,40,32,0,19,14,0,,,,,,0.479,,,,,1.1,1,100,1,1,0,1,00:00:00,100,1,1,1,0,72,0,24.94,1,1,8,18,2,1,10,2,0,0,,2021-11-12 12:33:21
https://www.domain.com/blog/31,text/html; charset=UTF-8,200,OK,Indexable,,,76,721,,64,430,,0,,64,,0,,6,,10,,,,,,,,,,176017,1138,5.145,3,2,9,5,0,3.68,40,32,0,19,14,0,,,,,,0.471,,,,,1.1,25,100,25,25,0,1,00:00:00,100,25,25,1.56,9,1021,0.009,27.85,13,13,8,23,6,6,13,2,4,0,,2021-11-12 12:33:31
https://www.domain.com/blog/32,text/html; charset=UTF-8,200,OK,Indexable,,,59,560,,139,869,,43,,47,,0,,6,,10,,,,,,,,,,151245,1694,8.277,3,2,9,5,0,3.68,38,31,0,19,14,0,,,,,,0.418,,,,,1.1,,,,,,,,,,,,0,19,0,25.42,13,13,8,23,6,6,13,2,4,0,,2021-11-12 12:33:41
https://www.domain.com/blog/33,text/html; charset=UTF-8,200,OK,Indexable,,,51,484,,62,398,,0,,39,,0,,6,,10,,,,,,,,,,148148,502,3.965,3,2,9,5,0,3.68,38,31,0,19,14,0,,,,,,0.455,,,,,1.1,3,66.67,2,2,0,1,00:00:00,100,3,3,1.67,2,1796,0.001,44.59,0,0,8,18,0,0,9,0,0,0,,2021-11-12 12:33:23
https://www.domain.com/blog/34,text/html; charset=UTF-8,200,OK,Indexable,,,76,716,,151,935,,23,,64,,0,,6,,10,,,,,,,,,,159970,517,3.695,3,3,12,6,0,4.41,44,34,0,19,14,0,,,,,,0.43,,,,,1.1,1,100,1,1,0,1,00:00:00,100,1,1,1,3,454,0.007,23.95,0,0,8,17,1,1,9,0,0,0,,2021-11-12 12:33:28
https://www.domain.com/blog/35,text/html; charset=UTF-8,200,OK,Indexable,,,69,649,,80,534,,0,,57,,0,,6,,10,,,,,,,,,,172107,1098,5.364,3,5,16,12,0,8.82,44,34,0,19,14,0,,,,,,0.45,,,,,1.1,1,0,1,0,0,1,00:00:00,100,1,1,2,1,82,0.012,31.27,1,1,8,17,1,1,9,0,0,0,,2021-11-12 12:33:40
https://www.domain.com/blog/36,text/html; charset=UTF-8,200,OK,Indexable,,,49,453,,93,547,,19,,37,,0,,6,,10,,,,,,,,,,160297,453,3.572,3,13,34,28,0,20.59,44,34,0,20,15,0,,,,,,0.333,,,,,1.1,79,92.41,75,73,1.27,1.18,00:00:24,116.46,92,79,1.47,81,4742,0.017,47.92,12,8,8,23,25,13,18,24,0,0,,2021-11-12 12:33:34
https://www.domain.com/blog/37,text/html; charset=UTF-8,200,OK,Indexable,,,56,539,,57,339,,14,,44,,0,,6,,10,,,,,,,,,,162257,331,3.14,3,7,21,16,0,11.76,45,35,0,20,15,0,,,,,,0.36,,,,,1.1,18,5.56,18,1,0,1.06,00:00:00,100,18,18,2,1,410,0.002,69.14,0,0,9,20,2,2,11,1,0,0,,2021-11-12 12:33:38
https://www.domain.com/blog/38,text/html; charset=UTF-8,200,OK,Indexable,,,62,575,,70,450,,0,,50,,0,,6,,10,,,,,,,,,,162945,194,2.57,3,2,9,5,0,3.68,38,31,0,20,15,0,,,,,,0.609,,,,,1.1,,,,,,,,,,,,0,49,0,27.14,0,0,8,17,1,1,10,1,0,0,,2021-11-12 12:33:32
https://www.domain.com/blog/39,text/html; charset=UTF-8,200,OK,Indexable,,,103,987,,86,571,,0,,91,,0,,6,,10,,,,,,,,,,147937,228,3.047,3,2,9,5,0,3.68,40,32,0,20,15,0,,,,,,0.506,,,,,1.1,206,90.78,195,187,0,1.84,00:00:53,154.85,319,210,1.02,291,41300,0.007,12.33,3,2,8,18,3,3,12,3,0,0,,2021-11-12 12:33:29
https://www.domain.com/blog/40,text/html; charset=UTF-8,200,OK,Indexable,,,58,542,,46,301,,0,,46,,0,,6,,10,,,,,,,,,,166903,249,2.655,3,2,12,5,0,3.68,44,32,0,20,15,0,,,,,,0.513,,,,,1.1,3,66.67,2,2,0,1,00:00:00,100,3,3,2,0,53,0,38.08,0,0,8,16,3,3,12,2,0,0,,2021-11-12 12:33:31
https://www.domain.com/blog/41,text/html; charset=UTF-8,200,OK,Indexable,,,58,545,,46,306,,0,,46,,0,,6,,10,,,,,,,,,,151802,276,3.036,3,2,12,5,0,3.68,43,32,0,20,15,0,,,,,,0.465,,,,,1.1,,,,,,,,,,,,0,15,0,58.13,2,1,8,16,3,2,11,2,0,0,,2021-11-12 12:33:37
https://www.domain.com/blog/42,text/html; charset=UTF-8,200,OK,Indexable,,,62,618,,58,401,,0,,50,,0,,6,,10,,,,,,,,,,155711,181,2.704,3,6,19,14,0,10.29,43,34,0,20,15,0,,,,,,0.554,,,,,1.1,1,0,1,0,0,1,00:00:00,100,1,1,2,0,133,0,21.14,0,0,8,19,3,3,12,1,1,0,,2021-11-12 12:33:33
https://www.domain.com/blog/43,text/html; charset=UTF-8,200,OK,Indexable,,,70,666,,58,383,,0,,58,,0,,6,,10,,,,,,,,,,155173,379,3.381,3,2,13,5,0,3.68,42,31,0,20,15,0,,,,,,0.529,,,,,1.1,1,100,1,1,0,1,00:00:00,100,1,1,1,2,326,0.006,34.46,0,0,8,16,0,0,9,0,0,0,,2021-11-12 12:33:20
https://www.domain.com/blog/44,text/html; charset=UTF-8,200,OK,Indexable,,,49,477,,108,683,,117,,37,,0,,6,,10,,,,,,,,,,147576,555,4.162,3,2,9,5,0,3.68,38,31,0,19,14,0,,,,,,0.238,,,,,1.1,205,93.17,192,191,0,1.26,00:00:31,127.8,262,208,1.46,74,42847,0.002,11.09,4,4,8,20,4,4,13,4,0,0,,2021-11-12 12:33:29
https://www.domain.com/blog/45,text/html; charset=UTF-8,200,OK,Indexable,,,74,657,,149,917,,235,,62,,0,,6,,10,,,,,,,,,,150601,799,5.065,3,2,12,5,0,3.68,44,32,0,19,14,0,,,,,,0.495,,,,,1.1,1,0,1,0,0,1,00:00:00,100,1,1,2,1,1625,0.001,60.15,0,0,8,16,0,0,9,0,0,0,,2021-11-12 12:33:29
https://www.domain.com/blog/46,text/html; charset=UTF-8,200,OK,Indexable,,,47,449,,143,855,,49,,35,,0,,6,,10,,,,,,,,,,156276,487,3.819,3,2,9,5,0,3.68,42,33,0,19,14,0,,,,,,0.563,,,,,1.1,32,93.75,32,30,0,3.47,00:02:05,237.5,76,32,0.67,36,6801,0.005,42.95,3,3,8,18,2,2,11,1,1,0,,2021-11-12 12:33:35
https://www.domain.com/blog/47,text/html; charset=UTF-8,200,OK,Indexable,,,63,606,,64,430,,0,,51,,0,,6,,10,,,,,,,,,,158386,1044,5.703,3,2,15,5,0,3.68,46,32,0,19,14,0,,,,,,0.456,,,,,1.1,14,85.71,13,12,0,1.21,00:00:09,121.43,17,14,1.35,16,2175,0.007,8.84,10,10,8,22,9,9,15,5,4,0,,2021-11-12 12:33:22
https://www.domain.com/blog/48,text/html; charset=UTF-8,200,OK,Indexable,,,67,628,,62,399,,0,,55,,0,,6,,10,,,,,,,,,,154787,309,3.211,3,3,9,5,0,3.68,36,30,0,20,15,0,,,,,,0.567,,,,,1.1,,,,,,,,,,,,8,394,0.02,16.99,1,1,8,17,0,0,9,0,0,0,,2021-11-12 12:33:32
https://www.domain.com/blog/49,text/html; charset=UTF-8,200,OK,Indexable,,,76,729,,78,513,,0,,64,,0,,6,,10,,,,,,,,,,153903,290,3.046,3,2,9,5,0,3.68,36,30,0,20,15,0,,,,,,0.416,,,,,1.1,8,100,8,8,0,1,00:00:00,100,8,8,1.63,4,1042,0.004,34.76,9,9,8,22,5,5,13,2,3,0,,2021-11-12 12:33:21
https://www.domain.com/blog/50,text/html; charset=UTF-8,200,OK,Indexable,,,70,641,,65,421,,0,,58,,0,,6,,10,,,,,,,,,,159490,262,2.887,3,2,9,5,0,3.68,36,30,0,20,15,0,,,,,,0.497,,,,,1.1,3,100,3,3,0,1,00:00:00,100,3,3,1.67,4,638,0.006,18.73,1,1,8,17,0,0,9,0,0,0,,2021-11-12 12:33:34
https://www.domain.com/blog/51,text/html; charset=UTF-8,200,OK,Indexable,,,86,845,,145,899,,305,,74,,0,,6,,10,,,,,,,,,,155676,787,4.786,3,2,15,5,0,3.68,48,33,0,19,14,0,,,,,,0.36,,,,,1.1,827,93.47,778,773,0.24,1.09,00:00:14,107.74,891,827,1.48,1039,93177,0.011,24.62,14,14,8,23,26,25,21,21,5,0,,2021-11-12 12:33:31
https://www.domain.com/blog/52,text/html; charset=UTF-8,200,OK,Indexable,,,50,461,,139,849,,90,,38,,0,,6,,10,,,,,,,,,,157589,776,4.58,3,2,9,5,0,3.68,44,34,0,19,14,0,,,,,,0.386,,,,,1.1,311,90.68,288,282,0.32,1.21,00:00:47,124.12,386,313,1.45,407,24241,0.017,37.88,5,5,8,18,4,4,13,2,2,0,,2021-11-12 12:33:26
https://www.domain.com/blog/53,text/html; charset=UTF-8,200,OK,Indexable,,,78,721,,146,875,,218,,66,,0,,6,,10,,,,,,,,,,149883,943,5.702,3,2,14,5,0,3.68,45,32,0,19,14,0,,,,,,0.615,,,,,1.1,4,75,3,3,0,1,00:00:00,100,4,4,1.75,0,370,0,31.42,1,1,8,18,0,0,9,0,0,0,,2021-11-12 12:33:27
https://www.domain.com/blog/54,text/html; charset=UTF-8,200,OK,Indexable,,,61,563,,155,939,,46,,49,,0,,6,,10,,,,,,,,,,158811,782,4.819,3,2,13,5,0,3.68,46,33,0,19,14,0,,,,,,0.597,,,,,1.1,38,89.47,36,34,0,1.08,00:00:07,107.89,41,38,1.61,30,15987,0.002,25.84,15,6,8,20,12,12,17,11,1,0,,2021-11-12 12:33:23
https://www.domain.com/blog/55,text/html; charset=UTF-8,200,OK,Indexable,,,47,441,,152,963,,80,,35,,0,,6,,10,,,,,,,,,,147525,741,4.802,3,2,9,5,0,3.68,38,31,0,19,14,0,,,,,,0.215,,,,,1.1,1616,93.56,1513,1512,0.19,1.09,00:00:19,109.03,1762,1621,1.5,1808,188734,0.01,11.59,19,11,8,23,27,22,22,24,3,0,,2021-11-12 12:33:31
https://www.domain.com/blog/56,text/html; charset=UTF-8,200,OK,Indexable,,,60,557,,51,317,,16,,48,,0,,6,,10,,,,,,,,,,171266,323,2.97,3,7,26,16,0,11.76,50,35,0,20,15,0,,,,,,0.402,,,,,1.1,,,,,,,,,,,,0,344,0,45.51,0,0,8,21,2,2,11,1,0,0,,2021-11-12 12:33:28
https://www.domain.com/collections/,text/html; charset=UTF-8,200,OK,Indexable,,,23,213,,107,637,,0,,11,,0,,6,,10,,,,,,,,,,153893,189,2.734,2,98,279,136,0,100,43,36,0,15,10,0,,,,,,0.272,,,,,1.1,134,47.76,130,64,23.13,4.13,00:03:36,155.97,209,14,0.2,56,29618,0.002,2.96,14,8,15,33,53,18,19,51,1,0,,2021-11-12 12:33:15
https://www.domain.com/collections/1,text/html; charset=UTF-8,200,OK,Indexable,,,54,524,,86,545,,0,,42,,0,,6,,10,,,,,,,,,,164594,269,2.883,3,9,17,13,0,9.56,45,39,0,15,10,0,,,,,,0.62,,,,,1.1,3,33.33,3,1,66.67,3,00:00:38,100,3,0,0,0,283,0,46.04,0,0,10,19,21,3,12,20,0,0,,2021-11-12 12:33:25
https://www.domain.com/collections/2,text/html; charset=UTF-8,200,OK,Indexable,,,42,397,,150,972,,146,,30,,0,,6,,10,,,,,,,,,,187957,566,3.452,2,6,17,13,0,9.56,49,43,0,15,10,0,,,,,,0.428,,,,,1.1,187,64.17,176,120,52.41,2.1,00:01:40,108.56,203,15,0.19,151,10808,0.014,9.24,8,6,14,29,28,18,19,27,0,0,,2021-11-12 12:33:13
https://www.domain.com/collections/3,text/html; charset=UTF-8,200,OK,Indexable,,,83,788,,160,1010,,151,,71,,0,,6,,10,,,,,,,,,,171599,328,2.992,3,9,17,13,0,9.56,47,41,0,15,10,0,,,,,,0.329,,,,,1.1,23,43.48,22,10,65.22,1.74,00:00:43,73.91,17,2,0.22,11,1967,0.006,23.78,12,12,10,19,44,14,18,36,6,0,,2021-11-12 12:33:37
https://www.domain.com/collections/4,text/html; charset=UTF-8,200,OK,Indexable,,,67,600,,146,873,,47,,55,,0,,6,,10,,,,,,,,,,197430,633,3.597,2,9,18,14,0,10.29,50,44,0,15,10,0,,,,,,0.425,,,,,1.1,272,44.12,242,120,45.59,2.74,00:02:10,122.43,333,48,0.28,153,7214,0.021,32.05,14,8,14,29,16,13,18,15,0,0,,2021-11-12 12:33:13
https://www.domain.com/collections/5,text/html; charset=UTF-8,200,OK,Indexable,,,22,216,,125,767,,0,,10,,0,,6,,10,,,,,,,,,,165381,276,2.883,3,6,16,12,0,8.82,45,39,0,15,10,0,,,,,,0.401,,,,,1.1,17,52.94,16,9,64.71,1.41,00:01:02,47.06,8,0,0,7,424,0.017,36.54,1,1,10,23,28,9,16,27,0,0,,2021-11-12 12:33:42
https://www.domain.com/collections/6,text/html; charset=UTF-8,200,OK,Indexable,,,22,207,,75,481,,0,,10,,0,,6,,10,,,,,,,,,,163995,280,2.939,3,6,16,12,0,8.82,45,39,0,15,10,0,,,,,,0.352,,,,,1.1,14,78.57,14,11,35.71,2.5,00:01:23,121.43,17,0,0,9,835,0.011,27.08,2,2,10,23,9,3,12,7,0,0,,2021-11-12 12:33:32
https://www.domain.com/collections/7,text/html; charset=UTF-8,200,OK,Indexable,,,85,801,,159,1010,,171,,73,,0,,6,,10,,,,,,,,,,185230,457,3.218,2,9,18,14,0,10.29,49,43,0,15,10,0,,,,,,0.258,,,,,1.1,348,51.44,305,179,48.56,2.45,00:02:09,120.69,420,39,0.22,198,14588,0.014,11.82,17,5,14,29,57,25,21,42,14,0,,2021-11-12 12:33:16
https://www.domain.com/collections/8,text/html; charset=UTF-8,200,OK,Indexable,,,24,226,,26,174,,0,,12,,0,,6,,10,,,,,,,,,,170558,303,2.899,3,9,17,13,0,9.56,47,41,0,15,10,0,,,,,,0.424,,,,,1.1,43,58.14,32,25,39.53,2,00:01:16,125.58,54,3,0.18,48,914,0.052,8.38,0,0,10,19,2,2,9,1,0,0,,2021-11-12 12:33:23
https://www.domain.com/collections/9,text/html; charset=UTF-8,200,OK,Indexable,,,40,402,,137,860,,80,,28,,0,,6,,10,,,,,,,,,,171978,334,3.005,3,9,17,13,0,9.56,47,41,0,15,10,0,,,,,,0.379,,,,,1.1,122,77.05,120,94,39.34,3.38,00:01:57,130.33,159,6,0.11,99,2998,0.033,6.25,8,3,10,22,58,5,13,56,1,0,,2021-11-12 12:33:30
https://www.domain.com/collections/10,text/html; charset=UTF-8,200,OK,Indexable,,,35,323,,150,883,,37,,23,,0,,6,,10,,,,,,,,,,178338,463,3.357,2,6,17,13,0,9.56,47,41,0,15,10,0,,,,,,0.585,,,,,1.1,64,20.31,61,13,53.13,2.48,00:01:38,106.25,68,9,0.4,13,1828,0.007,50.53,5,4,14,29,4,3,13,2,0,0,,2021-11-12 12:33:12
https://www.domain.com/contact-us/,text/html; charset=UTF-8,200,OK,Indexable,,,22,214,,132,863,,10,,10,,0,,6,,10,,,,,,,,,,150640,194,3.135,2,96,142,136,0,100,32,26,0,17,11,0,,,,,,0.559,,,,,1.1,110,55.45,102,61,44.55,1.67,00:01:41,56.36,62,2,0.06,78,11633,0.007,4.32,409,16,17,34,57,29,24,47,9,0,,2021-11-12 12:33:16
https://www.domain.com/faq/,text/html; charset=UTF-8,200,OK,Indexable,,,38,365,,20,135,,0,,26,,0,,6,,10,,,,,,,,,,154512,637,4.822,2,96,142,136,0,100,32,26,0,15,10,0,,,,,,0.324,,,,,1.1,296,87.84,281,260,15.2,1.58,00:01:45,64.86,192,2,0.02,334,6233,0.054,6.15,7,5,14,29,11,10,17,5,4,0,,2021-11-12 12:33:17
https://www.domain.com/feature-3/,text/html; charset=UTF-8,200,OK,Indexable,,,26,241,,0,0,,0,,14,,0,,6,,10,,,,,,,,,,127802,34,2.401,3,1,6,2,0,1.47,31,26,0,15,10,0,,,,,,0.38,,,,,1.1,1,0,1,0,100,1,00:00:00,0,0,0,0,0,11,0,57.27,1,1,0,0,0,0,9,0,0,0,,2021-11-12 12:33:22
https://www.domain.com/our-science/,text/html; charset=UTF-8,200,OK,Indexable,,,23,225,,137,843,,0,,11,,0,,6,,10,,,,,,,,,,141930,256,3.204,2,96,142,136,0,100,35,26,0,15,10,0,,,,,,0.236,,,,,1.1,24,62.5,23,15,50,2.88,00:01:32,104.17,25,1,0.05,22,4308,0.005,3.49,5,5,15,33,16,7,16,9,6,0,,2021-11-12 12:33:16
https://www.domain.com/our-science/subfeature,text/html; charset=UTF-8,200,OK,Indexable,,,23,214,,144,906,,0,,11,,0,,6,,10,,,,,,,,,,151491,493,4.108,2,97,143,136,0,100,40,33,0,15,10,0,,,,,,0.573,,,,,1.1,63,85.71,63,54,57.14,2.17,00:01:14,82.54,52,2,0.14,70,2319,0.03,11.03,0,0,14,30,4,4,13,3,0,0,,2021-11-12 12:33:14
https://www.domain.com/products/,text/html; charset=UTF-8,200,OK,Indexable,,,20,195,,100,651,,0,,8,,0,,6,,10,,,,,,,,,,263734,809,3.025,2,99,142,136,0,100,72,64,0,15,10,0,,,,,,0.607,,,,,1.1,436,66.97,406,292,45.41,2.96,00:02:10,130.73,570,53,0.29,423,26571,0.016,1.71,82,36,14,29,116,58,29,114,1,0,,2021-11-12 12:33:18
https://www.domain.com/products/category-1/,text/html; charset=UTF-8,200,OK,Indexable,,,33,325,,159,1035,,128,,21,,0,,6,,10,,,,,,,,,,167154,269,2.72,2,97,142,136,0,100,43,35,0,15,10,0,,,,,,0.569,,,,,1.1,1063,63.59,979,676,38.1,2.97,00:02:07,145.44,1546,160,0.35,741,64722,0.011,8.49,36,25,15,33,57,38,24,46,10,0,,2021-11-12 12:33:18
https://www.domain.com/products/category-1/1,text/html; charset=UTF-8,200,OK,Indexable,,,93,874,,158,1004,,231,,81,,0,,6,,10,,,,,,,,,,191725,676,3.799,3,11,22,12,0,8.82,47,36,0,20,15,0,,,,,,0.098,,,,,1.1,101,70.3,93,71,51.49,1.78,00:01:07,161.39,163,16,0.42,90,8134,0.011,29.01,7,5,9,23,27,17,19,16,10,0,,2021-11-12 12:33:31
https://www.domain.com/products/category-1/2,text/html; charset=UTF-8,200,OK,Indexable,,,61,595,,143,942,,0,,49,,0,,6,,10,,,,,,,,,,215820,581,3.014,3,13,27,17,0,12.5,47,36,0,20,15,0,,,,,,0.373,,,,,1.1,332,70.18,304,233,48.19,1.52,00:01:23,150.6,500,40,0.33,262,25641,0.01,9.2,9,6,11,20,14,12,17,9,4,0,,2021-11-12 12:33:30
https://www.domain.com/products/category-1/3,text/html; charset=UTF-8,200,OK,Indexable,,,90,847,,153,995,,0,,78,,0,,6,,10,,,,,,,,,,192420,746,4.159,3,11,25,13,0,9.56,47,36,0,20,15,0,,,,,,0.481,,,,,1.1,309,72.17,279,223,53.4,1.7,00:00:54,147.25,455,28,0.25,253,33704,0.007,18.95,9,6,9,19,30,20,21,11,18,0,,2021-11-12 12:33:40
https://www.domain.com/products/category-1/4,text/html; charset=UTF-8,200,OK,Indexable,,,65,626,,127,821,,0,,53,,0,,6,,10,,,,,,,,,,211265,502,2.965,3,10,23,11,0,8.09,47,36,0,20,15,0,,,,,,0.61,,,,,1.1,253,74.31,237,188,41.5,1.91,00:01:37,172.73,437,59,0.59,223,22209,0.01,18.38,13,9,8,22,38,16,19,36,0,0,,2021-11-12 12:33:25
https://www.domain.com/products/category-1/5,text/html; charset=UTF-8,200,OK,Indexable,,,72,676,,99,633,,0,,60,,0,,6,,10,,,,,,,,,,210667,504,2.933,3,9,17,8,0,5.88,47,36,0,20,15,0,,,,,,0.419,,,,,1.1,396,55.3,367,219,47.22,1.55,00:01:03,150.51,596,70,0.46,256,20037,0.013,6.43,5,5,9,19,14,8,16,13,0,0,,2021-11-12 12:33:38
https://www.domain.com/products/category-1/6,text/html; charset=UTF-8,200,OK,Indexable,,,60,591,,148,912,,57,,48,,0,,6,,10,,,,,,,,,,192889,663,3.803,3,20,38,24,0,17.65,47,36,0,20,15,0,,,,,,0.362,,,,,1.1,284,52.82,260,150,46.83,1.63,00:01:36,167.25,475,61,0.52,131,30535,0.004,12.07,8,5,10,23,16,14,19,12,2,0,,2021-11-12 12:33:41
https://www.domain.com/products/category-1/7,text/html; charset=UTF-8,200,OK,Indexable,,,68,661,,143,876,,0,,56,,0,,6,,10,,,,,,,,,,189831,547,3.349,3,11,23,12,0,8.82,47,36,0,20,15,0,,,,,,0.283,,,,,1.1,36,55.56,34,20,27.78,1.78,00:02:25,194.44,70,8,0.49,19,1014,0.019,22.49,5,5,8,21,7,5,9,1,4,0,,2021-11-12 12:33:25
https://www.domain.com/products/category-1/8,text/html; charset=UTF-8,200,OK,Indexable,,,44,419,,152,916,,140,,32,,0,,6,,10,,,,,,,,,,195742,552,3.314,3,10,24,12,0,8.82,47,36,0,20,15,0,,,,,,0.449,,,,,1.1,163,65.64,142,107,46.63,1.76,00:01:33,163.8,267,33,0.54,124,10416,0.012,37.85,10,8,16,24,8,7,15,2,5,0,,2021-11-12 12:33:27
https://www.domain.com/products/category-1/9,text/html; charset=UTF-8,200,OK,Indexable,,,66,635,,160,991,,0,,54,,0,,6,,10,,,,,,,,,,191230,618,3.741,3,15,35,18,0,13.24,47,36,0,20,15,0,,,,,,0.393,,,,,1.1,848,82.78,801,702,40.33,2.39,00:01:13,177.12,1502,118,0.34,810,47177,0.017,6.93,9,6,9,25,13,12,18,8,4,0,,2021-11-12 12:33:20
https://www.domain.com/products/category-2/,text/html; charset=UTF-8,200,OK,Indexable,,,37,342,,159,967,,0,,25,,0,,6,,10,,,,,,,,,,173782,316,2.832,2,98,142,136,0,100,45,37,0,15,10,0,,,,,,0.721,,,,,1.1,155,34.84,146,54,39.35,2.79,00:01:43,152.9,237,27,0.38,23,6715,0.003,19.94,8,4,15,33,10,6,14,9,0,0,,2021-11-12 12:33:14
https://www.domain.com/products/category-2/1,text/html; charset=UTF-8,200,OK,Indexable,,,98,899,,148,926,,126,,86,,0,,6,,10,,,,,,,,,,204888,552,3.16,3,9,16,8,0,5.88,44,33,0,20,15,0,,,,,,0.485,,,,,1.1,26,42.31,24,11,69.23,1.27,00:00:32,134.62,35,1,0.1,11,1921,0.006,30.96,5,4,9,22,6,6,14,3,2,0,,2021-11-12 12:33:33
https://www.domain.com/products/category-2/2,text/html; charset=UTF-8,200,OK,Indexable,,,60,570,,160,1024,,0,,48,,0,,6,,10,,,,,,,,,,205771,530,3.038,3,12,25,16,0,11.76,45,34,0,20,15,0,,,,,,0.584,,,,,1.1,37,54.05,35,20,18.92,2.65,00:00:55,172.97,64,9,0.58,14,919,0.015,27.61,5,3,9,20,3,3,12,2,0,0,,2021-11-12 12:33:28
https://www.domain.com/products/category-2/3,text/html; charset=UTF-8,200,OK,Indexable,,,64,603,,97,577,,109,,52,,0,,6,,10,,,,,,,,,,201686,523,3.063,3,10,22,12,0,8.82,45,34,0,20,15,0,,,,,,0.445,,,,,1.1,20,60,18,12,25,1.25,00:01:44,170,34,3,0.45,17,689,0.025,19,1,1,9,19,2,2,9,1,0,0,,2021-11-12 12:33:36
https://www.domain.com/products/category-2/4,text/html; charset=UTF-8,200,OK,Indexable,,,76,699,,155,994,,0,,64,,0,,6,,10,,,,,,,,,,202249,433,2.876,3,10,19,10,0,7.35,44,33,0,20,15,0,,,,,,1.037,,,,,1.1,62,83.87,60,52,37.1,1.42,00:01:11,200,124,33,1.45,52,3807,0.014,37.21,5,4,9,23,13,13,18,11,1,0,,2021-11-12 12:33:26
https://www.domain.com/products/category-2/5,text/html; charset=UTF-8,200,OK,Indexable,,,81,749,,144,890,,0,,69,,0,,6,,10,,,,,,,,,,183042,695,4.227,3,10,23,12,0,8.82,44,33,0,20,15,0,,,,,,0.287,,,,,1.1,22,45.45,20,10,40.91,1.59,00:01:19,159.09,35,1,0.09,11,2386,0.005,31.28,9,7,9,23,6,5,13,5,0,0,,2021-11-12 12:33:37
https://www.domain.com/products/category-2/6,text/html; charset=UTF-8,200,OK,Indexable,,,55,488,,146,868,,167,,43,,0,,6,,10,,,,,,,,,,194784,545,3.3,3,10,24,12,0,8.82,47,36,0,20,15,0,,,,,,0.475,,,,,1.1,11,54.55,11,6,45.45,1.64,00:00:57,172.73,19,0,0,7,2838,0.003,44.76,7,5,10,24,5,5,13,2,2,0,,2021-11-12 12:33:38
https://www.domain.com/products/category-2/7,text/html; charset=UTF-8,200,OK,Indexable,,,69,637,,141,894,,0,,57,,0,,6,,10,,,,,,,,,,198219,491,3.177,3,9,21,10,0,7.35,44,33,0,20,15,0,,,,,,0.554,,,,,1.1,75,46.67,70,35,50.67,1.48,00:00:36,148,111,9,0.3,33,1154,0.029,30.86,5,5,8,20,15,4,9,12,2,0,,2021-11-12 12:33:23
https://www.domain.com/products/category-2/8,text/html; charset=UTF-8,200,OK,Indexable,,,72,673,,156,954,,0,,60,,0,,6,,10,,,,,,,,,,190549,670,3.902,3,15,37,19,0,13.97,47,36,0,20,15,0,,,,,,0.38,,,,,1.1,233,76.39,208,178,40.77,2.3,00:02:48,175.97,410,40,0.43,205,10990,0.019,11.8,28,17,9,20,24,22,20,20,2,0,,2021-11-12 12:33:34
https://www.domain.com/products/category-2/9,text/html; charset=UTF-8,200,OK,Indexable,,,77,696,,153,968,,160,,65,,0,,6,,10,,,,,,,,,,199457,544,3.396,3,8,15,7,0,5.15,44,33,0,20,15,0,,,,,,0.128,,,,,1.1,125,35.2,117,44,52.8,1.43,00:00:48,148.8,186,24,0.49,44,878,0.05,13.76,1,1,9,22,1,1,9,0,0,0,,2021-11-12 12:33:25
https://www.domain.com/products/category-2/10,text/html; charset=UTF-8,200,OK,Indexable,,,72,669,,157,990,,62,,60,,0,,6,,10,,,,,,,,,,192885,647,3.723,3,19,35,21,0,15.44,47,36,0,20,15,0,,,,,,0.255,,,,,1.1,83,54.22,80,45,33.73,1.58,00:01:51,168.67,140,20,0.54,39,4912,0.008,28.27,7,6,10,26,9,8,16,8,0,0,,2021-11-12 12:33:38
https://www.domain.com/products/category-2/11,text/html; charset=UTF-8,200,OK,Indexable,,,84,763,,157,957,,130,,72,,0,,6,,10,,,,,,,,,,203573,493,3.027,3,13,27,18,0,13.24,44,33,0,20,15,0,,,,,,0.324,,,,,1.1,10,80,10,8,30,3.1,00:01:16,200,20,1,0.13,4,620,0.006,23.42,1,1,8,21,3,2,9,2,0,0,,2021-11-12 12:33:29
https://www.domain.com/products/category-3/,text/html; charset=UTF-8,200,OK,Indexable,,,30,297,,34,237,,0,,18,,0,,6,,10,,,,,,,,,,166036,271,2.732,2,97,143,136,0,100,43,35,0,15,10,0,,,,,,0.483,,,,,1.1,217,38.25,196,83,46.54,2.56,00:01:49,117.51,255,24,0.26,47,7163,0.007,11.96,15,14,15,33,26,16,19,25,0,0,,2021-11-12 12:33:14
https://www.domain.com/products/category-3/1,text/html; charset=UTF-8,200,OK,Indexable,,,77,732,,126,772,,0,,65,,0,,6,,10,,,,,,,,,,179155,582,3.841,3,11,25,14,0,10.29,43,32,0,20,15,0,,,,,,0.473,,,,,1.1,33,45.45,30,15,51.52,1.73,00:02:03,160.61,53,7,0.55,22,884,0.025,35.04,3,3,9,23,3,3,12,2,0,0,,2021-11-12 12:33:26
https://www.domain.com/products/category-3/2,text/html; charset=UTF-8,200,OK,Indexable,,,65,629,,155,987,,0,,53,,0,,6,,10,,,,,,,,,,190317,665,3.842,3,14,30,16,0,11.76,47,36,0,20,15,0,,,,,,0.573,,,,,1.1,181,81.22,169,147,44.2,2.13,00:01:43,172.93,313,40,0.65,168,5002,0.034,15.89,18,7,9,24,14,14,18,12,1,0,,2021-11-12 12:33:26
https://www.domain.com/products/category-3/3,text/html; charset=UTF-8,200,OK,Indexable,,,71,667,,118,738,,0,,59,,0,,6,,10,,,,,,,,,,190542,712,3.94,3,2,23,9,0,6.62,46,36,0,20,15,0,,,,,,0.361,,,,,1.1,256,85.16,235,218,35.55,1.54,00:01:11,158.2,405,25,0.3,256,6055,0.042,35.58,51,21,5,24,27,18,20,21,5,0,,2021-11-12 12:33:39
https://www.domain.com/products/category-3/4,text/html; charset=UTF-8,200,OK,Indexable,,,57,547,,152,966,,146,,45,,0,,6,,10,,,,,,,,,,191913,654,3.812,3,19,40,23,0,16.91,47,36,0,20,15,0,,,,,,0.326,,,,,1.1,274,72.26,241,198,42.34,1.54,00:00:52,152.19,417,24,0.28,225,7465,0.03,10.9,12,6,10,26,13,13,18,12,0,0,,2021-11-12 12:33:31
https://www.domain.com/products/category-3/5,text/html; charset=UTF-8,200,OK,Indexable,,,59,527,,155,915,,84,,47,,0,,6,,10,,,,,,,,,,190096,551,3.377,3,13,30,18,0,13.24,46,35,0,20,15,0,,,,,,0.316,,,,,1.1,119,78.15,110,93,46.22,1.57,00:00:56,157.98,188,22,0.42,107,14400,0.007,41.21,6,5,10,25,7,6,14,4,2,0,,2021-11-12 12:33:25
https://www.domain.com/products/category-3/6,text/html; charset=UTF-8,200,OK,Indexable,,,70,647,,153,919,,89,,58,,0,,6,,10,,,,,,,,,,190543,552,3.357,3,10,24,12,0,8.82,46,35,0,20,15,0,,,,,,0.494,,,,,1.1,49,61.22,41,30,51.02,1.31,00:00:33,140.82,69,4,0.24,32,1789,0.018,33.08,8,7,10,25,14,12,17,7,4,0,,2021-11-12 12:33:29
https://www.domain.com/products/category-3/7,text/html; charset=UTF-8,200,OK,Indexable,,,68,625,,159,987,,137,,56,,0,,6,,10,,,,,,,,,,198173,481,3.02,3,10,24,12,0,8.82,43,32,0,20,15,0,,,,,,0.49,,,,,1.1,71,74.65,63,53,45.07,1.89,00:02:24,160.56,114,14,0.66,50,3667,0.014,18.58,5,5,8,20,10,10,16,8,1,0,,2021-11-12 12:33:20
https://www.domain.com/products/category-3/8,text/html; charset=UTF-8,200,OK,Indexable,,,65,611,,122,759,,0,,53,,0,,6,,10,,,,,,,,,,196865,502,3.096,3,10,21,11,0,8.09,43,32,0,20,15,0,,,,,,0.483,,,,,1.1,20,70,18,14,55,2.35,00:00:54,160,32,4,0.34,17,915,0.019,17.53,2,2,8,20,3,2,9,2,0,0,,2021-11-12 12:33:37
https://www.domain.com/products/category-3/9,text/html; charset=UTF-8,200,OK,Indexable,,,65,625,,154,955,,143,,53,,0,,6,,10,,,,,,,,,,206285,713,3.556,3,11,26,15,0,11.03,44,33,0,20,15,0,,,,,,0.238,,,,,1.1,284,81.69,262,232,38.03,1.39,00:00:50,151.41,430,32,0.31,280,13844,0.02,22.91,5,5,9,19,12,7,15,11,0,0,,2021-11-12 12:33:41
https://www.domain.com/products/category-3/10,text/html; charset=UTF-8,200,OK,Indexable,,,60,541,,150,876,,0,,48,,0,,6,,10,,,,,,,,,,196212,496,3.168,3,6,20,8,0,5.88,43,32,0,20,15,0,,,,,,0.601,,,,,1.1,132,85.61,122,113,30.3,1.84,00:01:26,154.55,204,15,0.34,141,2603,0.054,14.1,5,5,8,17,7,7,15,6,0,0,,2021-11-12 12:33:22
https://www.domain.com/products/category-4/,text/html; charset=UTF-8,200,OK,Indexable,,,23,217,,0,0,,0,,11,,0,,6,,10,,,,,,,,,,138816,68,2.378,5,1,5,1,0,0.74,35,28,0,15,10,0,,,,,,0.325,,,,,1.1,22,100,22,22,27.27,3.18,00:01:59,145.45,32,3,0.32,23,606,0.038,7.86,2,2,4,10,9,3,12,9,0,0,,2021-11-12 12:34:20
https://www.domain.com/products/category-4/1,text/html; charset=UTF-8,200,OK,Indexable,,,99,907,,152,941,,218,,87,,0,,6,,10,,,,,,,,,,197909,496,3.112,3,11,24,13,0,9.56,44,33,0,20,15,0,,,,,,0.098,,,,,1.1,194,85.05,182,165,51.55,1.93,00:01:19,169.59,329,41,0.66,207,5475,0.038,31.23,7,6,8,22,9,9,16,7,1,0,,2021-11-12 12:33:38
https://www.domain.com/products/category-5/,text/html; charset=UTF-8,200,OK,Indexable,,,23,237,,0,0,,0,,11,,0,,6,,10,,,,,,,,,,136803,59,2.375,5,1,5,1,0,0.74,35,28,0,15,10,0,,,,,,0.456,,,,,1.1,2,100,2,2,0,3,00:00:44,250,5,0,0,0,10,0,36.7,1,1,0,0,4,1,9,4,0,0,,2021-11-12 12:34:20
https://www.domain.com/products/category-5/1,text/html; charset=UTF-8,200,OK,Indexable,,,57,552,,153,987,,0,,45,,0,,6,,10,,,,,,,,,,189929,437,3.038,3,10,32,14,0,10.29,43,32,0,20,15,0,,,,,,0.425,,,,,1.1,68,80.88,62,55,50,1.29,00:00:31,148.53,101,15,0.6,57,1870,0.03,15.49,4,4,9,19,12,12,17,11,0,0,,2021-11-12 12:33:23
https://www.domain.com/products/category-6/,text/html; charset=UTF-8,200,OK,Indexable,,,23,223,,0,0,,0,,11,,0,,6,,10,,,,,,,,,,137158,62,2.371,5,1,5,1,0,0.74,35,28,0,15,10,0,,,,,,0.651,,,,,1.1,7,100,7,7,42.86,2.71,00:01:27,114.29,8,0,0,8,211,0.038,8.86,0,0,4,9,5,3,12,5,0,0,,2021-11-12 12:34:20
https://www.domain.com/products/category-6/1,text/html; charset=UTF-8,200,OK,Indexable,,,72,656,,153,953,,70,,60,,0,,6,,10,,,,,,,,,,197551,543,3.164,3,8,25,13,0,9.56,44,33,0,20,15,0,,,,,,0.716,,,,,1.1,52,75,49,39,59.62,1.67,00:00:53,142.31,74,3,0.13,42,1539,0.027,21.24,1,1,9,21,9,5,14,7,0,0,,2021-11-12 12:33:20
https://www.domain.com/products/category-7/,text/html; charset=UTF-8,200,OK,Indexable,,,19,177,,23,150,,0,,7,,0,,6,,10,,,,,,,,,,167304,270,2.712,2,98,142,136,0,100,44,36,0,15,10,0,,,,,,0.223,,,,,1.1,174,32.76,157,57,41.38,2.76,00:02:00,126.44,220,13,0.18,44,15975,0.003,8.24,11,6,15,33,13,5,13,12,0,0,,2021-11-12 12:33:13
https://www.domain.com/products/category-7/1,text/html; charset=UTF-8,200,OK,Indexable,,,36,311,,152,926,,56,,24,,0,,6,,10,,,,,,,,,,187205,463,3.1,3,6,16,8,0,5.88,42,31,0,20,15,0,,,,,,0.397,,,,,1.1,30,70,30,21,30,1.6,00:02:14,170,51,2,0.2,27,3834,0.007,48.71,2,2,9,20,7,6,15,4,1,0,,2021-11-12 12:33:36
https://www.domain.com/products/category-7/2,text/html; charset=UTF-8,200,OK,Indexable,,,47,433,,154,921,,41,,35,,0,,6,,10,,,,,,,,,,186943,467,3.109,3,6,16,8,0,5.88,42,31,0,20,15,0,,,,,,0.356,,,,,1.1,32,84.38,31,27,43.75,2.28,00:02:38,168.75,54,4,0.46,31,3179,0.01,55.11,4,4,9,17,8,7,15,6,0,0,,2021-11-12 12:33:29
https://www.domain.com/products/category-7/3,text/html; charset=UTF-8,200,OK,Indexable,,,58,531,,149,896,,53,,46,,0,,6,,10,,,,,,,,,,187301,461,3.139,3,6,16,8,0,5.88,42,31,0,20,15,0,,,,,,0.425,,,,,1.1,47,68.09,42,32,46.81,2.13,00:02:40,168.09,79,6,0.27,57,1666,0.034,31.4,4,4,9,20,9,8,16,7,0,0,,2021-11-12 12:33:22
https://www.domain.com/products/category-7/4,text/html; charset=UTF-8,200,OK,Indexable,,,61,549,,156,963,,69,,49,,0,,6,,10,,,,,,,,,,188154,450,3.099,3,6,16,8,0,5.88,42,31,0,20,15,0,,,,,,0.288,,,,,1.1,17,88.24,17,15,41.18,2.76,00:02:07,200,34,4,0.47,18,1416,0.013,50.34,1,1,9,20,4,3,13,2,0,0,,2021-11-12 12:33:30
https://www.domain.com/products/category-8/,text/html; charset=UTF-8,200,OK,Indexable,,,18,185,,13,99,,0,,6,,0,,6,,10,,,,,,,,,,136402,52,2.359,5,1,5,1,0,0.74,35,28,0,15,10,0,,,,,,0.397,,,,,1.1,1,100,1,1,0,2,00:00:12,0,0,0,0,0,1,0,206,1,1,0,0,4,1,9,4,0,0,,2021-11-12 12:34:19
https://www.domain.com/products/category-8/1,text/html; charset=UTF-8,200,OK,Indexable,,,46,459,,155,979,,0,,34,,0,,6,,10,,,,,,,,,,176041,383,3.114,3,7,27,12,0,8.82,39,28,0,20,15,0,,,,,,0.264,,,,,1.1,87,86.21,83,75,36.78,1.49,00:00:40,165.52,144,28,0.79,72,2979,0.024,13.3,5,4,8,17,14,13,18,13,0,0,,2021-11-12 12:33:42
https://www.domain.com/products/category-9/,text/html; charset=UTF-8,200,OK,Indexable,,,21,201,,149,903,,60,,9,,0,,6,,10,,,,,,,,,,150086,104,2.38,5,1,5,1,0,0.74,36,29,0,15,10,0,,,,,,0.431,,,,,1.1,13,92.31,13,12,69.23,1.46,00:01:52,53.85,7,0,0,17,3972,0.004,46.78,4,2,0,0,9,6,14,9,0,0,,2021-11-12 12:34:20
https://www.domain.com/products/category-9/1,text/html; charset=UTF-8,200,OK,Indexable,,,70,657,,158,974,,122,,58,,0,,6,,10,,,,,,,,,,179391,350,2.886,3,6,24,10,0,7.35,40,29,0,20,15,0,,,,,,0.369,,,,,1.1,97,81.44,88,79,45.36,1.84,00:00:46,164.95,160,14,0.37,100,4874,0.021,15.72,14,6,8,17,7,7,15,5,1,0,,2021-11-12 12:33:22
https://www.domain.com/products/category-9/2,text/html; charset=UTF-8,200,OK,Indexable,,,54,508,,131,817,,0,,42,,0,,6,,10,,,,,,,,,,175561,341,2.914,3,6,21,9,0,6.62,40,29,0,20,15,0,,,,,,0.472,,,,,1.1,31,83.87,30,26,54.84,1.74,00:01:17,154.84,48,4,0.36,22,1005,0.022,8.67,3,3,8,17,8,7,15,7,0,0,,2021-11-12 12:33:39
https://www.domain.com/search/,,0,Blocked by robots.txt,Non-Indexable,Blocked by robots.txt,,0,0,,0,0,,0,,0,,0,,0,,0,,,,,,,,,,0,0,0,3,1,1,1,0,0.74,0,0,0,0,0,0,,,,,,,,,,,None,217,22.58,202,49,26.27,2.88,00:02:03,170.05,369,62,0.51,,,,,1,1,0,0,0,0,9,0,0,0,,2021-11-12 12:33:23
https://www.domain.com/sign-up/,text/html; charset=UTF-8,200,OK,Indexable,,,41,391,,133,867,,18,,13,,0,,6,,10,,,,,,,,,,131896,71,2.459,2,96,142,136,0,100,31,25,0,17,11,0,,,,,,0.334,,,,,1.1,179,37.99,178,68,38.55,3.19,00:02:50,183.24,328,111,0.8,52,1920,0.027,5.09,44,19,15,33,72,35,25,67,4,0,,2021-11-12 12:33:18
https://www.domain.com/sign-up/thank-you-page/,text/html; charset=UTF-8,200,OK,Indexable,,,31,299,,0,0,,0,,19,,0,,6,,10,,,,,,,,,,126381,36,2.376,3,1,6,2,0,1.47,31,26,0,15,10,0,,,,,,0.438,,,,,1.1,,,,,,,,,,,,0,20,0,80.35,1,1,0,0,0,0,9,0,0,0,,2021-11-12 12:33:40
https://www.domain.com/sitemap/,text/html; charset=UTF-8,200,OK,Indexable,,,20,194,,0,0,,0,,8,,0,,6,,10,,,,,,,,,,162617,1045,5.306,2,100,141,136,0,100,151,134,0,15,10,0,,,,,,0.517,,,,,1.1,2,100,2,2,0,2.5,00:01:07,200,4,1,0.75,0,61,0,16.38,0,0,14,29,1,1,9,0,0,0,,2021-11-12 12:33:17
https://www.domain.com/types/,text/html; charset=UTF-8,200,OK,Indexable,,,22,213,,55,336,,0,,10,,0,,6,,10,,,,,,,,,,145827,112,2.476,2,96,142,136,0,100,40,26,0,15,10,0,,,,,,0.36,,,,,1.1,54,53.7,51,29,14.81,4.06,00:01:41,183.33,99,6,0.17,31,3397,0.009,58.88,1,1,15,33,10,2,12,8,0,0,,2021-11-12 12:33:18
https://www.domain.com/types/1,text/html; charset=UTF-8,200,OK,Indexable,,,23,220,,11,72,,0,,55,,0,,6,,10,,,,,,,,,,152508,217,2.803,2,97,142,136,0,100,39,32,0,15,10,0,,,,,,0.554,,,,,1.1,15,26.67,13,4,86.67,1.27,00:00:10,13.33,2,0,0,7,15135,0,14.89,8,5,15,33,3,3,12,2,0,0,,2021-11-12 12:33:13
https://www.domain.com/types/2,text/html; charset=UTF-8,200,OK,Indexable,,,24,227,,91,563,,30,,42,,0,,6,,10,,,,,,,,,,170060,206,2.477,2,97,142,136,0,100,38,31,0,15,10,0,,,,,,0.456,,,,,1.1,83,71.08,79,59,55.42,2.52,00:01:13,98.8,82,7,0.21,78,16929,0.005,11.12,3,2,15,33,4,2,9,0,3,0,,2021-11-12 12:33:19
https://www.domain.com/types/3,text/html; charset=UTF-8,200,OK,Indexable,,,22,205,,10,61,,0,,10,,0,,6,,10,,,,,,,,,,170527,261,2.674,2,98,142,136,0,100,44,37,0,15,10,0,,,,,,0.478,,,,,1.1,201,73.13,194,147,44.28,2.88,00:01:51,133.83,269,27,0.32,202,49455,0.004,25.14,12,7,15,33,19,12,17,13,5,0,,2021-11-12 12:33:19
https://www.domain.com/types/4,text/html; charset=UTF-8,200,OK,Indexable,,,24,244,,56,353,,12,,12,,0,,6,,10,,,,,,,,,,167037,176,2.433,2,97,142,136,0,100,37,30,0,15,10,0,,,,,,0.542,,,,,1.1,61,40.98,60,25,47.54,3.08,00:01:49,113.11,69,2,0.06,21,20366,0.001,24.07,6,3,15,33,8,5,14,5,1,0,,2021-11-12 12:33:12
https://www.domain.com/types/5,text/html; charset=UTF-8,200,OK,Indexable,,,29,267,,60,355,,6,,17,,0,,6,,10,,,,,,,,,,169653,179,2.393,2,97,142,136,0,100,38,31,0,15,10,0,,,,,,0.483,,,,,1.1,115,49.57,104,57,55.65,2.23,00:01:35,94.78,109,13,0.29,63,31185,0.002,42.41,4,2,14,29,4,2,9,2,0,0,,2021-11-12 12:33:19
https://www.domain.com/types/6,text/html; charset=UTF-8,200,OK,Indexable,,,28,261,,16,100,,18,,16,,0,,6,,10,,,,,,,,,,154358,207,2.701,2,97,142,136,0,100,40,33,0,15,10,0,,,,,,0.345,,,,,1.1,217,66.36,208,144,47.47,2.94,00:01:31,126.73,275,23,0.27,183,45085,0.004,42.24,5,3,14,29,9,4,13,8,0,0,,2021-11-12 12:33:17
https://www.domain.com/types/7,text/html; charset=UTF-8,200,OK,Indexable,,,21,193,,9,53,,0,,9,,0,,6,,10,,,,,,,,,,156853,223,2.731,2,97,142,136,0,100,41,34,0,15,10,0,,,,,,0.287,,,,,1.1,136,56.62,108,77,63.24,2.18,00:01:19,91.18,124,13,0.28,83,44654,0.002,43.53,3,3,15,33,4,2,9,2,0,0,,2021-11-12 12:33:19
